trial,time_s,peak_rss_bytes,peak_rss_mib
1,1351.200000,1165352960,1111.367188
2,1369.330000,1166901248,1112.843750
3,1350.280000,1167106048,1113.039062
4,1353.640000,1166974976,1112.914062
5,1364.920000,1166520320,1112.480469
