trial,time_s,peak_rss_bytes,peak_rss_mib
1,329.184774,280629248,267.628906
2,330.672056,281382912,268.347656
3,328.352590,281387008,268.351562
4,329.919017,320909312,306.042969
5,328.129742,320921600,306.054688
