trial,time_s,peak_rss_bytes,peak_rss_mib
1,1387.820000,906682368,864.679688
2,1363.690000,909451264,867.320312
3,1377.760000,906969088,864.953125
4,1371.520000,906964992,864.949219
5,1374.550000,906637312,864.636719
