trial,time_s,peak_rss_bytes,peak_rss_mib
1,333.028859,224899072,214.480469
2,332.312753,225046528,214.621094
3,331.107699,225042432,214.617188
4,331.585750,225042432,214.617188
5,331.857100,225050624,214.625000
